title,link,pubDate
RubyLLM: A Ruby framework for all major AI providers,https://rubyllm.com/,"Wed, 24 Jun 2026 14:41:41 +0000"
CAPTCHAs have failed for 20 years,https://www.browserbase.com/blog/why-captchas-are-getting-harder,"Wed, 24 Jun 2026 16:02:32 +0000"
PR spam today looks like email spam in the early 2000s,https://www.greptile.com/blog/prs-on-openclaw,"Wed, 24 Jun 2026 14:32:12 +0000"
"Haystack: Open-Source AI Framework for Production Ready Agents, RAG",https://haystack.deepset.ai/,"Wed, 24 Jun 2026 11:21:32 +0000"
"Boffin claims Microsoft's ""quantum leap"" is invalid due to ""basic Python errors""",https://www.theregister.com/research/2026/06/24/boffin-claims-microsofts-supposed-quantum-leap-does-not-compute-due-to-basic-python-errors/5260489,"Wed, 24 Jun 2026 15:37:18 +0000"
"For Most of the World, Open-Source AI Is the Only Way Forward",https://techstrong.ai/articles/for-most-of-the-world-open-source-ai-is-the-only-way-forward/,"Wed, 24 Jun 2026 14:50:22 +0000"
"Train passed red signal before fatal crash, says report",https://www.bbc.co.uk/news/articles/cly90nqpryko?at_medium=RSS&at_campaign=rss,"Wed, 24 Jun 2026 13:09:44 GMT"
Biggest city in Crimea without power after Ukraine strikes,https://www.bbc.co.uk/news/articles/c3ryv72pjqno?at_medium=RSS&at_campaign=rss,"Wed, 24 Jun 2026 09:48:24 GMT"
Scientist publishes fresh doubts over Microsoft's quantum claims,https://www.bbc.co.uk/news/articles/c05y9pl3ejmo?at_medium=RSS&at_campaign=rss,"Wed, 24 Jun 2026 15:00:34 GMT"
Air conditioning creates political divide in France,https://www.bbc.co.uk/news/articles/c4gyqldl3p5o?at_medium=RSS&at_campaign=rss,"Wed, 24 Jun 2026 13:51:24 GMT"
Many fear the NHS will continue to fail mothers and babies unless there's a cultural shift,https://www.bbc.co.uk/news/articles/c2kyn81epdvo?at_medium=RSS&at_campaign=rss,"Wed, 24 Jun 2026 13:06:11 GMT"
Trump Says Vandals Sabotaged the Reflecting Pool. Internal Documents Raise Doubts.,https://www.nytimes.com/2026/06/23/us/trump-reflecting-pool-green-peeling.html,"Wed, 24 Jun 2026 00:20:42 +0000"
Your Home Could Help Solve AI’s Growing Power Demand,https://www.nytimes.com/2026/06/24/business/energy-environment/ai-data-centers-tesla.html,"Wed, 24 Jun 2026 09:02:13 +0000"
Welcome to the Luxury City Built by Taiwan’s A.I. Boom,https://www.nytimes.com/2026/06/24/business/taiwan-chips-boom.html,"Wed, 24 Jun 2026 09:47:41 +0000"
Context Windows Are Not Memory: What AI Agent Developers Need to Understand,https://machinelearningmastery.com/context-windows-are-not-memory-what-ai-agent-developers-need-to-understand/,"Wed, 24 Jun 2026 12:00:18 +0000"
Building Browser-Using AI Agents in Python,https://machinelearningmastery.com/building-browser-using-ai-agents-in-python/,"Mon, 22 Jun 2026 12:00:28 +0000"
The Roadmap to Mastering AI Agent Evaluation,https://machinelearningmastery.com/the-roadmap-to-mastering-ai-agent-evaluation/,"Thu, 18 Jun 2026 12:00:32 +0000"
AI Agent Tool Design: What Works and What Doesn’t,https://machinelearningmastery.com/ai-agent-tool-design-what-works-and-what-doesnt/,"Mon, 15 Jun 2026 12:00:36 +0000"
Python Concepts Every AI Engineer Must Master,https://machinelearningmastery.com/python-concepts-every-ai-engineer-must-master/,"Fri, 12 Jun 2026 12:00:39 +0000"
Multimodal Browser AI with Transformers.js for Images and Speech,https://machinelearningmastery.com/multimodal-browser-ai-with-transformers-js-for-images-and-speech/,"Wed, 10 Jun 2026 11:35:14 +0000"
The Era of No-Code AI: What You Need to Know,https://towardsdatascience.com/the-era-of-no-code-ai-what-you-need-to-know/,"Tue, 23 Jun 2026 13:30:00 +0000"
Build Your Own Local AI Coding Agent with Gemma 4 and OpenCode,https://towardsdatascience.com/build-your-own-local-ai-coding-agent-with-gemma-4-and-opencode-2/,"Tue, 23 Jun 2026 12:00:00 +0000"
"Neural Networks, Explained for Beginners: Start Here If They’ve Confused You",https://towardsdatascience.com/neural-networks-explained-for-beginners-start-here-if-theyve-confused-you/,"Mon, 22 Jun 2026 12:00:00 +0000"
"Tool Calling, Explained: How AI Agents Decide What to Do Next",https://towardsdatascience.com/tool-calling-explained-how-ai-agents-decide-what-to-do-next/,"Sun, 21 Jun 2026 17:00:00 +0000"
NVIDIA and AWS Collaborate to Bring AI to Production at Scale,https://blogs.nvidia.com/blog/nvidia-aws-ai-production-scale/,"Wed, 24 Jun 2026 00:05:37 +0000"
How Businesses Are Building Specialized AI They Can Trust,https://blogs.nvidia.com/blog/nvidia-agent-toolkit-open-models-tools-skills-secure-runtime-ai-agents/,"Tue, 23 Jun 2026 13:00:07 +0000"
"NVIDIA Brings Trusted, 24/7 AI Agents to Telecom Operations",https://blogs.nvidia.com/blog/telecom-ai-agents-dtw-ignite-2026/,"Tue, 23 Jun 2026 06:00:09 +0000"
"NAIRR Science Program Reshapes Scientific Research, Powered by NVIDIA AI Infrastructure",https://blogs.nvidia.com/blog/nairr-scientific-research-ai-infrastructure/,"Mon, 22 Jun 2026 13:00:38 +0000"
"From Materials Simulation to Experimental Astronomy, New NVIDIA AI Software Unlocks Scientific Discoveries",https://blogs.nvidia.com/blog/ai-for-science-software-cuda/,"Mon, 22 Jun 2026 13:00:20 +0000"
NVIDIA Vera CPU Opens the Way for Agentic Scientific AI at Los Alamos National Laboratory,https://blogs.nvidia.com/blog/nvidia-vera-cpu-los-alamos-national-laboratory/,"Mon, 22 Jun 2026 13:00:20 +0000"
Eco Wave Power Turns Waves Into Watts With NVIDIA AI Infrastructure and Digital Twins,https://blogs.nvidia.com/blog/eco-wave-power-ai-digital-twins/,"Mon, 22 Jun 2026 13:00:13 +0000"
Hotter Than a Hot Tub: The 45°C Breakthrough to Cool AI’s Biggest Machines,https://blogs.nvidia.com/blog/liquid-cooling-ai-factories/,"Mon, 22 Jun 2026 05:00:22 +0000"
"At Cannes Lions, NVIDIA Partners Reshape Advertising and Marketing With AI",https://blogs.nvidia.com/blog/nvidia-ai-marketing-advertising-cannes-lions/,"Thu, 18 Jun 2026 13:00:43 +0000"
France Advances Europe’s AI Future With NVIDIA Technologies,https://blogs.nvidia.com/blog/france-advances-europes-ai-future/,"Thu, 18 Jun 2026 06:00:59 +0000"
"Hands Free, AIs Forward: NVIDIA XR AI Brings Agents to AR Glasses",https://blogs.nvidia.com/blog/nvidia-xr-ai/,"Tue, 16 Jun 2026 22:30:41 +0000"
"Coherent Breaks Ground on Expanded Texas Facility, Scaling AI’s Optical Backbone",https://blogs.nvidia.com/blog/coherent-texas-ai-optical/,"Tue, 16 Jun 2026 22:10:56 +0000"
HPE AI Factory With NVIDIA Expands for the Era of Agents,https://blogs.nvidia.com/blog/hpe-ai-factory-agentic-enterprise/,"Tue, 16 Jun 2026 16:30:27 +0000"
"Fastest, Largest, Strongest: NVIDIA Blackwell Sweeps MLPerf Training 6.0",https://blogs.nvidia.com/blog/blackwell-mlperf-training-6-0/,"Tue, 16 Jun 2026 15:00:36 +0000"
